song,artist,album_release_date,release_year,release_decade,id,danceability,energy,key,loudness,mode,speechiness,acousticness,instrumentalness,liveness,valence,tempo,type,uri,track_href,analysis_url,duration_ms,time_signature
Last Night,Morgan Wallen,2023-01-01,2023,20,2kRkndFdIh2PDDjB53N1CB,0.517,0.675,6,-5.382,1,0.0357,0.459,0.0,0.151,0.518,203.853,audio_features,spotify:track:59uQI0PADDKeE6UZDTJEe8,https://api.spotify.com/v1/tracks/59uQI0PADDKeE6UZDTJEe8,https://api.spotify.com/v1/audio-analysis/59uQI0PADDKeE6UZDTJEe8,163855,4
Kill Bill,SZA,2023-01-01,2023,20,1Qrg8KqiBpW07V7PNxwwwL,0.644,0.735,8,-5.747,1,0.0391,0.0521,0.144,0.161,0.418,88.98,audio_features,spotify:track:1Qrg8KqiBpW07V7PNxwwwL,https://api.spotify.com/v1/tracks/1Qrg8KqiBpW07V7PNxwwwL,https://api.spotify.com/v1/audio-analysis/1Qrg8KqiBpW07V7PNxwwwL,153947,4
Flowers,Miley Cyrus,2023-01-01,2023,20,5tdKaKLnC4SgtDZ6RlWeal,0.672,0.159,9,-8.76,0,0.0343,0.962,1.83e-05,0.106,0.117,113.218,audio_features,spotify:track:0436pabrDTOgxH02ugHGBA,https://api.spotify.com/v1/tracks/0436pabrDTOgxH02ugHGBA,https://api.spotify.com/v1/audio-analysis/0436pabrDTOgxH02ugHGBA,210827,4
Ella Baila Sola,Eslabon Armado X Peso Pluma,2023-01-01,2023,20,3dnP0JxCgygwQH9Gm7q7nb,0.668,0.758,5,-5.176,0,0.0332,0.483,1.89e-05,0.0837,0.834,147.989,audio_features,spotify:track:3qQbCzHBycnDpGskqOWY0E,https://api.spotify.com/v1/tracks/3qQbCzHBycnDpGskqOWY0E,https://api.spotify.com/v1/audio-analysis/3qQbCzHBycnDpGskqOWY0E,165671,3
Calm Down,Rema & Selena Gomez,2023-01-01,2023,20,0WtM2NBVQNNJLh6scP13H8,0.801,0.806,11,-5.206,1,0.0381,0.382,0.000669,0.114,0.802,106.999,audio_features,spotify:track:0WtM2NBVQNNJLh6scP13H8,https://api.spotify.com/v1/tracks/0WtM2NBVQNNJLh6scP13H8,https://api.spotify.com/v1/audio-analysis/0WtM2NBVQNNJLh6scP13H8,239318,4
Creepin',"Metro Boomin, The Weeknd & 21 Savage",2023-01-01,2023,20,5xxnE0Nm5v3L9tekNEWpCg,0.715,0.62,1,-6.005,0,0.0484,0.417,0.0,0.0822,0.172,97.95,audio_features,spotify:track:2dHHgzDwk4BJdRwy9uXhTO,https://api.spotify.com/v1/tracks/2dHHgzDwk4BJdRwy9uXhTO,https://api.spotify.com/v1/audio-analysis/2dHHgzDwk4BJdRwy9uXhTO,221520,4
Un x100to,Grupo Frontera X Bad Bunny,2023-01-01,2023,20,1oSUTFfnEwftOTRxpLKWOY,0.569,0.724,6,-4.076,0,0.0474,0.228,0.0,0.27,0.562,83.118,audio_features,spotify:track:6pD0ufEQq0xdHSsRbg9LBK,https://api.spotify.com/v1/tracks/6pD0ufEQq0xdHSsRbg9LBK,https://api.spotify.com/v1/audio-analysis/6pD0ufEQq0xdHSsRbg9LBK,194563,4
Favorite Song,Toosii,2023-01-01,2023,20,36Rpz4MZQhGknLEmTmHr8v,0.816,0.367,2,-9.354,1,0.0588,0.314,0.0,0.0987,0.413,116.035,audio_features,spotify:track:1SRw5p2lVAi7RGlHEmZg66,https://api.spotify.com/v1/tracks/1SRw5p2lVAi7RGlHEmZg66,https://api.spotify.com/v1/audio-analysis/1SRw5p2lVAi7RGlHEmZg66,208630,4
Die For You,The Weeknd & Ariana Grande,2023-01-01,2023,20,7oDd86yk8itslrA9HRP2ki,0.531,0.525,1,-6.5,0,0.0671,0.232,0.0,0.441,0.502,66.9,audio_features,spotify:track:7oDd86yk8itslrA9HRP2ki,https://api.spotify.com/v1/tracks/7oDd86yk8itslrA9HRP2ki,https://api.spotify.com/v1/audio-analysis/7oDd86yk8itslrA9HRP2ki,232857,4
Anti-Hero,Taylor Swift,2023-01-01,2023,20,0V3wPSX9ygBnCm8psDIegu,0.637,0.643,4,-6.571,1,0.0519,0.13,1.8e-06,0.142,0.533,97.008,audio_features,spotify:track:0V3wPSX9ygBnCm8psDIegu,https://api.spotify.com/v1/tracks/0V3wPSX9ygBnCm8psDIegu,https://api.spotify.com/v1/audio-analysis/0V3wPSX9ygBnCm8psDIegu,200690,4
Fast Car,Luke Combs,2023-01-01,2023,20,07ZQLYn9x4x3L3vxStc1zr,0.712,0.603,8,-5.52,1,0.0262,0.186,0.0,0.115,0.67,97.994,audio_features,spotify:track:1Lo0QY9cvc8sUB2vnIOxDT,https://api.spotify.com/v1/tracks/1Lo0QY9cvc8sUB2vnIOxDT,https://api.spotify.com/v1/audio-analysis/1Lo0QY9cvc8sUB2vnIOxDT,265493,4
"Boy's A Liar, Pt. 2",PinkPantheress & Ice Spice,2023-01-01,2023,20,3QUbaXCfksmF19lW32BQE0,0.696,0.809,5,-8.254,1,0.05,0.252,0.000128,0.248,0.857,132.962,audio_features,spotify:track:6AQbmUe0Qwf5PZnt4HmTXv,https://api.spotify.com/v1/tracks/6AQbmUe0Qwf5PZnt4HmTXv,https://api.spotify.com/v1/audio-analysis/6AQbmUe0Qwf5PZnt4HmTXv,131013,4
La Bebe,Yng Lvcas x Peso Pluma,2023-01-01,2023,20,2UW7JaomAMuX9pZrjVpHAU,0.812,0.479,2,-5.678,0,0.333,0.213,1.21e-06,0.0756,0.559,169.922,audio_features,spotify:track:2UW7JaomAMuX9pZrjVpHAU,https://api.spotify.com/v1/tracks/2UW7JaomAMuX9pZrjVpHAU,https://api.spotify.com/v1/audio-analysis/2UW7JaomAMuX9pZrjVpHAU,234353,4
Sure Thing,Miguel,2023-01-01,2023,20,0JXXNGljqupsJaZsgSbMZV,0.684,0.607,11,-8.127,0,0.1,0.0267,0.000307,0.191,0.498,81.001,audio_features,spotify:track:0JXXNGljqupsJaZsgSbMZV,https://api.spotify.com/v1/tracks/0JXXNGljqupsJaZsgSbMZV,https://api.spotify.com/v1/audio-analysis/0JXXNGljqupsJaZsgSbMZV,195373,4
Search & Rescue,Drake,2023-01-01,2023,20,6PMDILZiYo4YzMBbE0dGK9,0.817,0.44,10,-8.482,0,0.0734,0.0603,1.42e-06,0.33,0.544,142.024,audio_features,spotify:track:7aRCf5cLOFN1U7kvtChY1G,https://api.spotify.com/v1/tracks/7aRCf5cLOFN1U7kvtChY1G,https://api.spotify.com/v1/audio-analysis/7aRCf5cLOFN1U7kvtChY1G,272113,4
Rock And A Hard Place,Bailey Zimmerman,2023-01-01,2023,20,4686eQ81DEswHa90bcdlC9,0.582,0.568,1,-7.3,1,0.0275,0.577,0.0,0.105,0.394,121.991,audio_features,spotify:track:4686eQ81DEswHa90bcdlC9,https://api.spotify.com/v1/tracks/4686eQ81DEswHa90bcdlC9,https://api.spotify.com/v1/audio-analysis/4686eQ81DEswHa90bcdlC9,207541,3
Cupid,Fifty Fifty,2023-01-01,2023,20,2goLsvvODILDzeeiT4dAoR,0.783,0.592,11,-8.332,0,0.0331,0.435,4.15e-06,0.347,0.726,120.018,audio_features,spotify:track:7FbrGaHYVDmfr7KoLIZnQ7,https://api.spotify.com/v1/tracks/7FbrGaHYVDmfr7KoLIZnQ7,https://api.spotify.com/v1/audio-analysis/7FbrGaHYVDmfr7KoLIZnQ7,174253,4
You Proof,Morgan Wallen,2023-01-01,2023,20,7ANroj1yWw0YEGcLf7HO3Q,0.732,0.839,9,-5.007,1,0.0345,0.265,0.0,0.602,0.629,119.724,audio_features,spotify:track:5W4kiM2cUYBJXKRudNyxjW,https://api.spotify.com/v1/tracks/5W4kiM2cUYBJXKRudNyxjW,https://api.spotify.com/v1/audio-analysis/5W4kiM2cUYBJXKRudNyxjW,157478,4
Eyes Closed,Ed Sheeran,2023-01-01,2023,20,07bsRv0pcpbG4zJeLsUs1p,0.777,0.526,2,-6.221,1,0.0645,0.302,0.0,0.105,0.389,107.071,audio_features,spotify:track:07bsRv0pcpbG4zJeLsUs1p,https://api.spotify.com/v1/tracks/07bsRv0pcpbG4zJeLsUs1p,https://api.spotify.com/v1/audio-analysis/07bsRv0pcpbG4zJeLsUs1p,194849,4
Players,Coi Leray,2023-01-01,2023,20,2fH13RdhsEIc11X0o9enUX,0.954,0.516,6,-5.817,1,0.16,0.03,7.54e-06,0.0504,0.624,105.001,audio_features,spotify:track:6UN73IYd0hZxLi8wFPMQij,https://api.spotify.com/v1/tracks/6UN73IYd0hZxLi8wFPMQij,https://api.spotify.com/v1/audio-analysis/6UN73IYd0hZxLi8wFPMQij,139560,4
Chemical,Post Malone,2023-01-01,2023,20,5PHPENfE3RVmHGAA2A7Hfx,0.508,0.649,10,-7.177,0,0.0349,0.0253,2.28e-06,0.375,0.301,97.52,audio_features,spotify:track:2k3fs1S5gYqwzN8G2QDXiJ,https://api.spotify.com/v1/tracks/2k3fs1S5gYqwzN8G2QDXiJ,https://api.spotify.com/v1/audio-analysis/2k3fs1S5gYqwzN8G2QDXiJ,220653,4
Something In The Orange,Zach Bryan,2023-01-01,2023,20,3WMj8moIAXJhHsyLaqIIHI,0.369,0.192,4,-12.151,0,0.04,0.555,8.35e-06,0.0954,0.148,175.212,audio_features,spotify:track:3WMj8moIAXJhHsyLaqIIHI,https://api.spotify.com/v1/tracks/3WMj8moIAXJhHsyLaqIIHI,https://api.spotify.com/v1/audio-analysis/3WMj8moIAXJhHsyLaqIIHI,228013,3
As It Was,Harry Styles,2023-01-01,2023,20,1lUNlmwyhsJy6kXmmrO11t,0.52,0.731,6,-5.338,0,0.0557,0.342,0.00101,0.311,0.662,173.93,audio_features,spotify:track:4LRPiXqCikLlN15c3yImP7,https://api.spotify.com/v1/tracks/4LRPiXqCikLlN15c3yImP7,https://api.spotify.com/v1/audio-analysis/4LRPiXqCikLlN15c3yImP7,167303,4
Thinkin' Bout Me,Morgan Wallen,2023-01-01,2023,20,2BzVkisodhQOPOPVJ9UKEI,0.656,0.757,3,-5.775,0,0.0308,0.492,0.0,0.117,0.429,139.971,audio_features,spotify:track:0PAcdVzhPO4gq1Iym9ESnK,https://api.spotify.com/v1/tracks/0PAcdVzhPO4gq1Iym9ESnK,https://api.spotify.com/v1/audio-analysis/0PAcdVzhPO4gq1Iym9ESnK,177388,4
Dancin' In The Country,Tyler Hubbard,2023-01-01,2023,20,2KtGiBi5CrX2ERPD2PAS34,0.657,0.871,7,-4.614,1,0.0675,0.0031,0.0,0.102,0.532,114.974,audio_features,spotify:track:2KtGiBi5CrX2ERPD2PAS34,https://api.spotify.com/v1/tracks/2KtGiBi5CrX2ERPD2PAS34,https://api.spotify.com/v1/audio-analysis/2KtGiBi5CrX2ERPD2PAS34,179640,4
I'm Good (Blue),David Guetta & Bebe Rexha,2023-01-01,2023,20,4uUG5RXrOk84mYEfFvj3cK,0.561,0.965,7,-3.673,0,0.0343,0.00383,7.07e-06,0.371,0.304,128.04,audio_features,spotify:track:4uUG5RXrOk84mYEfFvj3cK,https://api.spotify.com/v1/tracks/4uUG5RXrOk84mYEfFvj3cK,https://api.spotify.com/v1/audio-analysis/4uUG5RXrOk84mYEfFvj3cK,175238,4
One Thing At A Time,Morgan Wallen,2023-01-01,2023,20,1rXq0uoV4KTgRN64jXzIxo,0.614,0.913,7,-5.126,1,0.0296,0.0042,1.72e-06,0.26,0.92,141.982,audio_features,spotify:track:6KGtAlYvgm4W9PoYabFAYE,https://api.spotify.com/v1/tracks/6KGtAlYvgm4W9PoYabFAYE,https://api.spotify.com/v1/audio-analysis/6KGtAlYvgm4W9PoYabFAYE,206865,4
Thank God,Kane Brown With Katelyn Brown,2023-01-01,2023,20,41v23mPw4Se92JKUGvnkmW,0.738,0.455,3,-8.735,1,0.0352,0.695,0.0,0.107,0.441,99.945,audio_features,spotify:track:1brnLTvarI9D1hLP6z2Ar8,https://api.spotify.com/v1/tracks/1brnLTvarI9D1hLP6z2Ar8,https://api.spotify.com/v1/audio-analysis/1brnLTvarI9D1hLP6z2Ar8,174560,4
Thought You Should Know,Morgan Wallen,2023-01-01,2023,20,3Qu3Zh4WTKhP9GEXo0aDnb,0.53,0.678,6,-6.16,1,0.0278,0.506,6.23e-06,0.138,0.508,140.05,audio_features,spotify:track:3Qu3Zh4WTKhP9GEXo0aDnb,https://api.spotify.com/v1/tracks/3Qu3Zh4WTKhP9GEXo0aDnb,https://api.spotify.com/v1/audio-analysis/3Qu3Zh4WTKhP9GEXo0aDnb,215572,4
Tennessee Orange,Megan Moroney,2023-01-01,2023,20,6DLbBlGIOjjEj0dNN25zhZ,0.38,0.488,9,-6.637,1,0.029,0.126,7.23e-06,0.115,0.268,156.031,audio_features,spotify:track:6DLbBlGIOjjEj0dNN25zhZ,https://api.spotify.com/v1/tracks/6DLbBlGIOjjEj0dNN25zhZ,https://api.spotify.com/v1/audio-analysis/6DLbBlGIOjjEj0dNN25zhZ,223120,3
Snooze,SZA,2023-01-01,2023,20,5WzdX4iArSQZELuxI0Oq5Q,0.604,0.199,0,-11.831,1,0.05,0.777,0.0,0.109,0.191,76.134,audio_features,spotify:track:6RQ5IwG7uADz9LDWliJGjU,https://api.spotify.com/v1/tracks/6RQ5IwG7uADz9LDWliJGjU,https://api.spotify.com/v1/audio-analysis/6RQ5IwG7uADz9LDWliJGjU,158840,4
Under The Influence,Chris Brown,2023-01-01,2023,20,5stBa3AaQhMvyxY30ZD3nT,0.733,0.69,9,-5.529,0,0.0427,0.0635,1.18e-06,0.105,0.31,116.992,audio_features,spotify:track:5IgjP7X4th6nMNDh4akUHb,https://api.spotify.com/v1/tracks/5IgjP7X4th6nMNDh4akUHb,https://api.spotify.com/v1/audio-analysis/5IgjP7X4th6nMNDh4akUHb,184613,4
Princess Diana,Ice Spice & Nicki Minaj,2023-01-01,2023,20,0ZxhtATQ0a6EvQNZ0z6NKV,0.898,0.676,9,-5.196,1,0.187,0.14,0.0,0.101,0.742,147.991,audio_features,spotify:track:0ZxhtATQ0a6EvQNZ0z6NKV,https://api.spotify.com/v1/tracks/0ZxhtATQ0a6EvQNZ0z6NKV,https://api.spotify.com/v1/audio-analysis/0ZxhtATQ0a6EvQNZ0z6NKV,172125,4
Por Las Noches,Peso Pluma,2023-01-01,2023,20,2VzCjpKvPB1l1tqLndtAQa,0.807,0.595,0,-7.19,1,0.0325,0.31,2.44e-05,0.0735,0.392,92.491,audio_features,spotify:track:2VzCjpKvPB1l1tqLndtAQa,https://api.spotify.com/v1/tracks/2VzCjpKvPB1l1tqLndtAQa,https://api.spotify.com/v1/audio-analysis/2VzCjpKvPB1l1tqLndtAQa,239845,4
Karma,Taylor Swift,2023-01-01,2023,20,23JWyjMJe6snyIqlORwLyH,0.642,0.62,8,-7.091,1,0.0666,0.0734,0.0,0.483,0.0969,90.02,audio_features,spotify:track:7KokYm8cMIXCsGVmUvKtqf,https://api.spotify.com/v1/tracks/7KokYm8cMIXCsGVmUvKtqf,https://api.spotify.com/v1/audio-analysis/7KokYm8cMIXCsGVmUvKtqf,204852,4
PRC,Peso Pluma X Natanael Cano,2023-01-01,2023,20,,0.784,0.826,7,-6.34,0,0.0538,0.0965,7.09e-05,0.123,0.893,138.078,audio_features,spotify:track:2mpoNBkngUEwnaKoBhZ0vl,https://api.spotify.com/v1/tracks/2mpoNBkngUEwnaKoBhZ0vl,https://api.spotify.com/v1/audio-analysis/2mpoNBkngUEwnaKoBhZ0vl,184066,3
Unholy,Sam Smith & Kim Petras,2023-01-01,2023,20,3nqQXoyQOWXiESFLlDF1hG,0.714,0.472,2,-7.375,1,0.0864,0.013,4.51e-06,0.266,0.238,131.121,audio_features,spotify:track:3nqQXoyQOWXiESFLlDF1hG,https://api.spotify.com/v1/tracks/3nqQXoyQOWXiESFLlDF1hG,https://api.spotify.com/v1/audio-analysis/3nqQXoyQOWXiESFLlDF1hG,156943,4
Just Wanna Rock,Lil Uzi Vert,2023-01-01,2023,20,4FyesJzVpA39hbYvcseO2d,0.486,0.545,11,-7.924,1,0.0336,0.0652,0.00474,0.0642,0.0385,150.187,audio_features,spotify:track:4FyesJzVpA39hbYvcseO2d,https://api.spotify.com/v1/tracks/4FyesJzVpA39hbYvcseO2d,https://api.spotify.com/v1/audio-analysis/4FyesJzVpA39hbYvcseO2d,123891,4
Next Thing You Know,Jordan Davis,2023-01-01,2023,20,2lNTHWu2I5Tcz9ukWsV5Jj,0.557,0.597,5,-8.296,1,0.048,0.646,0.0,0.0974,0.414,78.526,audio_features,spotify:track:2lNTHWu2I5Tcz9ukWsV5Jj,https://api.spotify.com/v1/tracks/2lNTHWu2I5Tcz9ukWsV5Jj,https://api.spotify.com/v1/audio-analysis/2lNTHWu2I5Tcz9ukWsV5Jj,175238,4
Wild As Her,Corey Kent,2023-01-01,2023,20,4RG7P0CXQ4pe0OeCAHjX5L,0.504,0.736,0,-6.079,1,0.0352,0.00216,0.0,0.129,0.46,148.014,audio_features,spotify:track:4RG7P0CXQ4pe0OeCAHjX5L,https://api.spotify.com/v1/tracks/4RG7P0CXQ4pe0OeCAHjX5L,https://api.spotify.com/v1/audio-analysis/4RG7P0CXQ4pe0OeCAHjX5L,199733,4
Slut Me Out,NLE Choppa,2023-01-01,2023,20,5BmB3OaQyYXCqRyN8iR2Yi,0.938,0.606,6,-6.396,0,0.419,0.117,0.0,0.528,0.706,121.108,audio_features,spotify:track:5BmB3OaQyYXCqRyN8iR2Yi,https://api.spotify.com/v1/tracks/5BmB3OaQyYXCqRyN8iR2Yi,https://api.spotify.com/v1/audio-analysis/5BmB3OaQyYXCqRyN8iR2Yi,123673,4
Spin Bout U,Drake & 21 Savage,2023-01-01,2023,20,31EKf1HRXKA3lD2LOjJJNX,0.773,0.701,7,-6.386,1,0.0512,0.01,0.0,0.163,0.203,129.963,audio_features,spotify:track:2ZL7WZcjuYKi1KUDtp4kCC,https://api.spotify.com/v1/tracks/2ZL7WZcjuYKi1KUDtp4kCC,https://api.spotify.com/v1/audio-analysis/2ZL7WZcjuYKi1KUDtp4kCC,214589,4
Superhero (Heroes & Villains),"Metro Boomin, Future & Chris Brown",2023-01-01,2023,20,0vjeOZ3Ft5jvAi9SBFJm1j,0.526,0.606,5,-5.3,0,0.259,0.152,2.36e-06,0.194,0.492,116.622,audio_features,spotify:track:0vjeOZ3Ft5jvAi9SBFJm1j,https://api.spotify.com/v1/tracks/0vjeOZ3Ft5jvAi9SBFJm1j,https://api.spotify.com/v1/audio-analysis/0vjeOZ3Ft5jvAi9SBFJm1j,182667,4
TQG,Karol G x Shakira,2023-01-01,2023,20,5sFVJ1P7YsgAHcUWkjhhOu,0.72,0.63,4,-3.547,0,0.277,0.673,0.0,0.0936,0.607,179.974,audio_features,spotify:track:0DWdj2oZMBFSzRsi2Cvfzf,https://api.spotify.com/v1/tracks/0DWdj2oZMBFSzRsi2Cvfzf,https://api.spotify.com/v1/audio-analysis/0DWdj2oZMBFSzRsi2Cvfzf,199440,4
AMG,"Gabito Ballesteros, Peso Pluma & Natanael Cano",2023-01-01,2023,20,0qMAJBLMTshMx03CJkJl6O,0.772,0.73,11,-6.657,0,0.0972,0.152,0.000107,0.274,0.786,136.175,audio_features,spotify:track:1lRtH4FszTrwwlK5gTSbXO,https://api.spotify.com/v1/tracks/1lRtH4FszTrwwlK5gTSbXO,https://api.spotify.com/v1/audio-analysis/1lRtH4FszTrwwlK5gTSbXO,174943,3
See You Again,"Tyler, The Creator Featuring Kali Uchis",2023-01-01,2023,20,3AjyOYxBv8bByfBtG5o9dP,0.558,0.559,6,-9.222,1,0.0959,0.371,7.49e-06,0.109,0.62,78.558,audio_features,spotify:track:7KA4W4McWYRpgf0fWsJZWB,https://api.spotify.com/v1/tracks/7KA4W4McWYRpgf0fWsJZWB,https://api.spotify.com/v1/audio-analysis/7KA4W4McWYRpgf0fWsJZWB,180387,4
Handle On You,Parker McCollum,2023-01-01,2023,20,6Qpfsw8OS5HW5XxgmXYLWS,0.588,0.931,6,-3.925,1,0.0318,0.00411,0.0,0.345,0.625,105.027,audio_features,spotify:track:6Qpfsw8OS5HW5XxgmXYLWS,https://api.spotify.com/v1/tracks/6Qpfsw8OS5HW5XxgmXYLWS,https://api.spotify.com/v1/audio-analysis/6Qpfsw8OS5HW5XxgmXYLWS,219333,4
Rich Flex,Drake & 21 Savage,2023-01-01,2023,20,3fvDLsiTHPQNgzuMd3Mpb5,0.561,0.52,11,-9.342,0,0.244,0.0503,1.86e-06,0.355,0.424,153.15,audio_features,spotify:track:1bDbXMyjaUIooNwFE9wn0N,https://api.spotify.com/v1/tracks/1bDbXMyjaUIooNwFE9wn0N,https://api.spotify.com/v1/audio-analysis/1bDbXMyjaUIooNwFE9wn0N,239360,3
Escapism,RAYE Featuring 070 Shake,2023-01-01,2023,20,61qLoMpEncPR7n8Ibf8Bhh,0.538,0.742,2,-5.355,1,0.114,0.138,4.67e-05,0.0934,0.25,96.107,audio_features,spotify:track:5mHdCZtVyb4DcJw8799hZp,https://api.spotify.com/v1/tracks/5mHdCZtVyb4DcJw8799hZp,https://api.spotify.com/v1/audio-analysis/5mHdCZtVyb4DcJw8799hZp,272373,4
Lavender Haze,Taylor Swift,2023-01-01,2023,20,5jQI2r1RdgtuT8S3iG8zFC,0.733,0.436,10,-10.489,1,0.08,0.258,0.000573,0.157,0.0976,96.985,audio_features,spotify:track:5jQI2r1RdgtuT8S3iG8zFC,https://api.spotify.com/v1/tracks/5jQI2r1RdgtuT8S3iG8zFC,https://api.spotify.com/v1/audio-analysis/5jQI2r1RdgtuT8S3iG8zFC,202396,4
Double Fantasy,The Weeknd Featuring Future,2023-01-01,2023,20,5xl5582IihbEZAnfj0xyso,0.6,0.567,9,-7.269,0,0.033,0.00621,8.73e-06,0.495,0.0951,119.043,audio_features,spotify:track:4VMRsbfZzd3SfQtaJ1Wpwi,https://api.spotify.com/v1/tracks/4VMRsbfZzd3SfQtaJ1Wpwi,https://api.spotify.com/v1/audio-analysis/4VMRsbfZzd3SfQtaJ1Wpwi,268235,4
Love You Anyway,Luke Combs,2023-01-01,2023,20,3qXsX3mYSsD1DmAvc3PE3N,0.532,0.489,4,-7.419,1,0.0311,0.149,0.0,0.237,0.32,139.807,audio_features,spotify:track:3qXsX3mYSsD1DmAvc3PE3N,https://api.spotify.com/v1/tracks/3qXsX3mYSsD1DmAvc3PE3N,https://api.spotify.com/v1/audio-analysis/3qXsX3mYSsD1DmAvc3PE3N,229627,4
Daylight,David Kushner,2023-01-01,2023,20,4yQw7FR9lcvL6RHtegbJBh,0.508,0.43,2,-9.475,0,0.0335,0.83,0.000441,0.093,0.324,130.09,audio_features,spotify:track:1odExI7RdWc4BT515LTAwj,https://api.spotify.com/v1/tracks/1odExI7RdWc4BT515LTAwj,https://api.spotify.com/v1/audio-analysis/1odExI7RdWc4BT515LTAwj,212954,4
Area Codes,Kali,2023-01-01,2023,20,7sliFe6W30tPBPh6dvZsIH,0.823,0.388,1,-10.867,1,0.491,0.0187,0.0,0.0876,0.507,154.569,audio_features,spotify:track:7sliFe6W30tPBPh6dvZsIH,https://api.spotify.com/v1/tracks/7sliFe6W30tPBPh6dvZsIH,https://api.spotify.com/v1/audio-analysis/7sliFe6W30tPBPh6dvZsIH,139326,4
Chanel,Becky G & Peso Pluma,2023-01-01,2023,20,36Rpz4MZQhGknLEmTmHr8v,0.444,0.727,7,-8.278,1,0.065,0.254,0.0208,0.174,0.254,196.257,audio_features,spotify:track:2SfL8jCTC7XxKhsD4YhSmV,https://api.spotify.com/v1/tracks/2SfL8jCTC7XxKhsD4YhSmV,https://api.spotify.com/v1/audio-analysis/2SfL8jCTC7XxKhsD4YhSmV,173818,3
El Azul,Junior H x Peso Pluma,2023-01-01,2023,20,1haJsMtoBhHfvuM7XWuT3W,0.558,0.648,9,-7.081,0,0.055,0.226,7.76e-06,0.0986,0.844,143.876,audio_features,spotify:track:1haJsMtoBhHfvuM7XWuT3W,https://api.spotify.com/v1/tracks/1haJsMtoBhHfvuM7XWuT3W,https://api.spotify.com/v1/audio-analysis/1haJsMtoBhHfvuM7XWuT3W,187226,3
Bebe Dame,Fuerza Regida X Grupo Frontera,2023-01-01,2023,20,0mzsLrUNazBaRfYZfjmpSV,0.537,0.602,7,-4.631,1,0.0458,0.296,0.0,0.0715,0.753,157.437,audio_features,spotify:track:0mzsLrUNazBaRfYZfjmpSV,https://api.spotify.com/v1/tracks/0mzsLrUNazBaRfYZfjmpSV,https://api.spotify.com/v1/audio-analysis/0mzsLrUNazBaRfYZfjmpSV,271862,4
El Gordo Trae El Mando,Chino Pacas,2023-01-01,2023,20,3kf0WdFOalKWBkCCLJo4mA,0.736,0.8,7,-5.38,0,0.0525,0.179,0.0,0.0498,0.961,140.253,audio_features,spotify:track:3kf0WdFOalKWBkCCLJo4mA,https://api.spotify.com/v1/tracks/3kf0WdFOalKWBkCCLJo4mA,https://api.spotify.com/v1/audio-analysis/3kf0WdFOalKWBkCCLJo4mA,112087,3
Go Hard,Lil Baby,2023-01-01,2023,20,6LhB5o2iWjJgNHqock5H3b,0.849,0.581,6,-5.464,0,0.261,0.0178,0.0,0.092,0.274,142.015,audio_features,spotify:track:1IzJxbARcQrOWMZgPw1PNj,https://api.spotify.com/v1/tracks/1IzJxbARcQrOWMZgPw1PNj,https://api.spotify.com/v1/audio-analysis/1IzJxbARcQrOWMZgPw1PNj,217610,4
Nonsense,Sabrina Carpenter,2023-01-01,2023,20,7sJN693sYKEIEMu7fc5VnJ,0.74,0.697,8,-4.912,1,0.034,0.0268,0.0,0.224,0.732,138.992,audio_features,spotify:track:6dgUya35uo964z7GZXM07g,https://api.spotify.com/v1/tracks/6dgUya35uo964z7GZXM07g,https://api.spotify.com/v1/audio-analysis/6dgUya35uo964z7GZXM07g,163648,4
Cowgirls,Morgan Wallen Featuring ERNEST,2023-01-01,2023,20,7fveJ3pk1eSfxBdVkzdXZ0,0.624,0.766,8,-3.805,1,0.0359,0.199,8.62e-06,0.156,0.37,172.08,audio_features,spotify:track:7fveJ3pk1eSfxBdVkzdXZ0,https://api.spotify.com/v1/tracks/7fveJ3pk1eSfxBdVkzdXZ0,https://api.spotify.com/v1/audio-analysis/7fveJ3pk1eSfxBdVkzdXZ0,181621,4
Need A Favor,Jelly Roll,2023-01-01,2023,20,47lkghP0AjBkqOGzbxC2Mt,0.504,0.771,6,-4.231,1,0.0319,0.0123,1.89e-05,0.078,0.555,157.985,audio_features,spotify:track:5jUOG0aeAofL5u3UWyrtDO,https://api.spotify.com/v1/tracks/5jUOG0aeAofL5u3UWyrtDO,https://api.spotify.com/v1/audio-analysis/5jUOG0aeAofL5u3UWyrtDO,197400,4
Low Down,Lil Baby,2023-01-01,2023,20,5m0yZ33oOy0yYBtdTXuxQe,0.962,0.619,10,-5.562,0,0.405,0.0354,0.0,0.083,0.154,127.958,audio_features,spotify:track:5m0yZ33oOy0yYBtdTXuxQe,https://api.spotify.com/v1/tracks/5m0yZ33oOy0yYBtdTXuxQe,https://api.spotify.com/v1/audio-analysis/5m0yZ33oOy0yYBtdTXuxQe,144652,4
Human,Cody Johnson,2023-01-01,2023,20,36Rpz4MZQhGknLEmTmHr8v,0.4,0.647,2,-7.279,1,0.0337,0.176,5.79e-05,0.11,0.274,84.08,audio_features,spotify:track:5AihIu9yF3flkw1jFMyfwW,https://api.spotify.com/v1/tracks/5AihIu9yF3flkw1jFMyfwW,https://api.spotify.com/v1/audio-analysis/5AihIu9yF3flkw1jFMyfwW,221520,4
Ain't That Some,Morgan Wallen,2023-01-01,2023,20,4t0UsYzmmmZRMTWn77jiGF,0.641,0.803,6,-5.781,0,0.0286,0.00232,3.86e-06,0.361,0.671,121.086,audio_features,spotify:track:2YVlDlk2zRceefo6XlC6DX,https://api.spotify.com/v1/tracks/2YVlDlk2zRceefo6XlC6DX,https://api.spotify.com/v1/audio-analysis/2YVlDlk2zRceefo6XlC6DX,158004,4
Religiously,Bailey Zimmerman,2023-01-01,2023,20,27tNWlhdAryQY04Gb2ZhUI,0.57,0.67,1,-6.519,1,0.0274,0.426,0.0,0.108,0.593,140.924,audio_features,spotify:track:0ec7EBr0mjWO6J7TRr09bN,https://api.spotify.com/v1/tracks/0ec7EBr0mjWO6J7TRr09bN,https://api.spotify.com/v1/audio-analysis/0ec7EBr0mjWO6J7TRr09bN,178723,4
ICU,Coco Jones,2023-01-01,2023,20,58cMDjQSUdWJUgFmHxRhjt,0.584,0.453,8,-6.682,1,0.0661,0.753,0.0,0.111,0.328,124.913,audio_features,spotify:track:58cMDjQSUdWJUgFmHxRhjt,https://api.spotify.com/v1/tracks/58cMDjQSUdWJUgFmHxRhjt,https://api.spotify.com/v1/audio-analysis/58cMDjQSUdWJUgFmHxRhjt,241624,3
Fight The Feeling,Rod Wave,2023-01-01,2023,20,7l6nGz4gp6HGs5Cvmdeqe4,0.634,0.538,0,-9.213,1,0.0603,0.0514,0.0,0.099,0.152,168.029,audio_features,spotify:track:7l6nGz4gp6HGs5Cvmdeqe4,https://api.spotify.com/v1/tracks/7l6nGz4gp6HGs5Cvmdeqe4,https://api.spotify.com/v1/audio-analysis/7l6nGz4gp6HGs5Cvmdeqe4,160714,5
Red Ruby Da Sleeze,Nicki Minaj,2023-01-01,2023,20,4ZYAU4A2YBtlNdqOUtc7T2,0.696,0.733,1,-6.181,1,0.256,0.115,0.0,0.111,0.292,98.355,audio_features,spotify:track:4ZYAU4A2YBtlNdqOUtc7T2,https://api.spotify.com/v1/tracks/4ZYAU4A2YBtlNdqOUtc7T2,https://api.spotify.com/v1/audio-analysis/4ZYAU4A2YBtlNdqOUtc7T2,214445,4
Memory Lane,Old Dominion,2023-01-01,2023,20,1KMEDSIl2j1NwYa9mgvMyg,0.645,0.8,6,-4.272,1,0.0363,0.0189,1.12e-05,0.0858,0.375,118.977,audio_features,spotify:track:5kB6WithhB8Iv08EMNmAbt,https://api.spotify.com/v1/tracks/5kB6WithhB8Iv08EMNmAbt,https://api.spotify.com/v1/audio-analysis/5kB6WithhB8Iv08EMNmAbt,172480,4
Beso,Rosalia & Rauw Alejandro,2023-01-01,2023,20,52bz3fOCyr6GgkJQsLK9PM,0.768,0.644,5,-6.671,0,0.136,0.736,0.000837,0.173,0.53,95.05,audio_features,spotify:track:609E1JCInJncactoMmkDon,https://api.spotify.com/v1/tracks/609E1JCInJncactoMmkDon,https://api.spotify.com/v1/audio-analysis/609E1JCInJncactoMmkDon,194543,4
Fragil,Yahritza y Su Esencia x Grupo Frontera,2023-01-01,2023,20,12KUFSHFgT0XCoiSlvdQi4,0.708,0.449,4,-4.369,0,0.0286,0.451,0.0,0.111,0.63,84.396,audio_features,spotify:track:4pKhxDtzoLPVy4GzW1ibAz,https://api.spotify.com/v1/tracks/4pKhxDtzoLPVy4GzW1ibAz,https://api.spotify.com/v1/audio-analysis/4pKhxDtzoLPVy4GzW1ibAz,214000,1
Que Vuelvas,Carin Leon X Grupo Frontera,2023-01-01,2023,20,6Ub63208eZVnT6UPQm4fGH,0.491,0.643,10,-4.309,1,0.0442,0.187,0.0,0.109,0.779,162.469,audio_features,spotify:track:6Um358vY92UBv5DloTRX9L,https://api.spotify.com/v1/tracks/6Um358vY92UBv5DloTRX9L,https://api.spotify.com/v1/audio-analysis/6Um358vY92UBv5DloTRX9L,169419,4
It Matters To Her,Scotty McCreery,2023-01-01,2023,20,4aSRUXfKuBbmje0eXNukuL,0.516,0.752,7,-5.09,1,0.0333,0.00528,3.78e-05,0.251,0.482,105.007,audio_features,spotify:track:4aSRUXfKuBbmje0eXNukuL,https://api.spotify.com/v1/tracks/4aSRUXfKuBbmje0eXNukuL,https://api.spotify.com/v1/audio-analysis/4aSRUXfKuBbmje0eXNukuL,171880,4
I Wrote The Book,Morgan Wallen,2023-01-01,2023,20,7phmBo7bB9I9YifAXqnlqV,0.692,0.808,2,-3.757,1,0.0396,0.0834,3.75e-05,0.0913,0.802,143.977,audio_features,spotify:track:7phmBo7bB9I9YifAXqnlqV,https://api.spotify.com/v1/tracks/7phmBo7bB9I9YifAXqnlqV,https://api.spotify.com/v1/audio-analysis/7phmBo7bB9I9YifAXqnlqV,181767,4
Trance,"Metro Boomin, Travis Scott & Young Thug",2023-01-01,2023,20,3iGxtTIbGtUJVMbnHyaPMM,0.571,0.549,1,-7.38,0,0.404,0.18,0.0,0.168,0.447,119.497,audio_features,spotify:track:5wG3HvLhF6Y5KTGlK0IW3J,https://api.spotify.com/v1/tracks/5wG3HvLhF6Y5KTGlK0IW3J,https://api.spotify.com/v1/audio-analysis/5wG3HvLhF6Y5KTGlK0IW3J,194787,4
Yandel 150,Yandel & Feid,2023-01-01,2023,20,2oiixB9QMIzhWaHGVlQx4g,0.783,0.729,6,-3.549,0,0.0691,0.0492,0.000272,0.1,0.58,167.968,audio_features,spotify:track:2oiixB9QMIzhWaHGVlQx4g,https://api.spotify.com/v1/tracks/2oiixB9QMIzhWaHGVlQx4g,https://api.spotify.com/v1/audio-analysis/2oiixB9QMIzhWaHGVlQx4g,216148,4
Painting Pictures,Superstar Pride,2023-01-01,2023,20,7oLKoGzQVwjZ91AzCn560T,0.956,0.515,11,-9.962,0,0.337,0.305,0.0,0.156,0.69,119.937,audio_features,spotify:track:7oLKoGzQVwjZ91AzCn560T,https://api.spotify.com/v1/tracks/7oLKoGzQVwjZ91AzCn560T,https://api.spotify.com/v1/audio-analysis/7oLKoGzQVwjZ91AzCn560T,122070,4
Everything I Love,Morgan Wallen,2023-01-01,2023,20,03fs6oV5JAlbytRYf3371S,0.568,0.841,8,-3.802,1,0.0261,0.00514,0.000503,0.147,0.668,103.983,audio_features,spotify:track:03fs6oV5JAlbytRYf3371S,https://api.spotify.com/v1/tracks/03fs6oV5JAlbytRYf3371S,https://api.spotify.com/v1/audio-analysis/03fs6oV5JAlbytRYf3371S,187047,4
Ch y La Pizza,Fuerza Regida X Natanael Cano,2023-01-01,2023,20,0UbesRsX2TtiCeamOIVEkp,0.628,0.668,8,-2.722,1,0.117,0.329,0.0,0.139,0.845,148.746,audio_features,spotify:track:0UbesRsX2TtiCeamOIVEkp,https://api.spotify.com/v1/tracks/0UbesRsX2TtiCeamOIVEkp,https://api.spotify.com/v1/audio-analysis/0UbesRsX2TtiCeamOIVEkp,136913,3
Man Made A Bar,Morgan Wallen Featuring Eric Church,2023-01-01,2023,20,02QQXgeAghpU4smdM7l7We,0.692,0.809,2,-5.935,1,0.0255,0.1,9.77e-05,0.185,0.927,104.023,audio_features,spotify:track:05ZACkzW8YbRq3eFgIfSNB,https://api.spotify.com/v1/tracks/05ZACkzW8YbRq3eFgIfSNB,https://api.spotify.com/v1/audio-analysis/05ZACkzW8YbRq3eFgIfSNB,263387,4
Waffle House,Jonas Brothers,2023-01-01,2023,20,1h73U7tmZkUCg2lUh5IGeA,0.729,0.763,10,-4.407,1,0.0363,0.033,1e-06,0.192,0.864,126.002,audio_features,spotify:track:5iE3eUH2WGCXcE2xr6DEmU,https://api.spotify.com/v1/tracks/5iE3eUH2WGCXcE2xr6DEmU,https://api.spotify.com/v1/audio-analysis/5iE3eUH2WGCXcE2xr6DEmU,145441,4
Mejor Que Yo,"Anuel AA, Mambo Kingz & DJ Luian",2023-01-01,2023,20,1VsHc0qIeyjYOyvN5HIEQG,0.624,0.655,1,-4.177,0,0.0547,0.18,0.0,0.116,0.565,178.083,audio_features,spotify:track:1VsHc0qIeyjYOyvN5HIEQG,https://api.spotify.com/v1/tracks/1VsHc0qIeyjYOyvN5HIEQG,https://api.spotify.com/v1/audio-analysis/1VsHc0qIeyjYOyvN5HIEQG,242697,4
In Ha Mood,Ice Spice,2023-01-01,2023,20,0yUaLqhsVsguBpoOPL4cO7,0.768,0.74,0,-6.595,1,0.336,0.696,6.81e-06,0.23,0.532,141.059,audio_features,spotify:track:0yUaLqhsVsguBpoOPL4cO7,https://api.spotify.com/v1/tracks/0yUaLqhsVsguBpoOPL4cO7,https://api.spotify.com/v1/audio-analysis/0yUaLqhsVsguBpoOPL4cO7,129362,4
Igualito A Mi Apa,Fuerza Regida & Peso Pluma,2023-01-01,2023,20,17js0w8GTkTUFGFM6PYvBd,0.758,0.812,4,-3.272,0,0.0854,0.188,0.0,0.0564,0.795,144.908,audio_features,spotify:track:17js0w8GTkTUFGFM6PYvBd,https://api.spotify.com/v1/tracks/17js0w8GTkTUFGFM6PYvBd,https://api.spotify.com/v1/audio-analysis/17js0w8GTkTUFGFM6PYvBd,166821,4
Moonlight,Kali Uchis,2023-01-01,2023,20,05HWO5EA9jYliXeaj6SCDC,0.639,0.723,7,-6.462,0,0.0532,0.511,0.0,0.167,0.878,136.872,audio_features,spotify:track:2i2gDpKKWjvnRTOZRhaPh2,https://api.spotify.com/v1/tracks/2i2gDpKKWjvnRTOZRhaPh2,https://api.spotify.com/v1/audio-analysis/2i2gDpKKWjvnRTOZRhaPh2,187558,4
Forever,Lil Baby Featuring Fridayy,2023-01-01,2023,20,4eHbdreAnSOrDDsFfc4Fpm,0.462,0.251,4,-12.072,0,0.159,0.414,0.0,0.201,0.137,89.705,audio_features,spotify:track:1T4k0sw0HldDg004Kw4Oct,https://api.spotify.com/v1/tracks/1T4k0sw0HldDg004Kw4Oct,https://api.spotify.com/v1/audio-analysis/1T4k0sw0HldDg004Kw4Oct,167977,3
"You, Me, & Whiskey",Justin Moore & Priscilla Block,2023-01-01,2023,20,2BLlpdGCv0IErmH3OBGHYJ,0.555,0.88,0,-4.351,0,0.0535,0.0803,0.0,0.174,0.422,144.076,audio_features,spotify:track:2BLlpdGCv0IErmH3OBGHYJ,https://api.spotify.com/v1/tracks/2BLlpdGCv0IErmH3OBGHYJ,https://api.spotify.com/v1/audio-analysis/2BLlpdGCv0IErmH3OBGHYJ,187941,4
Sunrise,Morgan Wallen,2023-01-01,2023,20,7vLIj2GVAeYrohv8p0JjF0,0.613,0.765,2,-5.058,0,0.0318,0.259,4.28e-06,0.0832,0.343,139.993,audio_features,spotify:track:0JtgoDDf0ggWaoXCGhcOoT,https://api.spotify.com/v1/tracks/0JtgoDDf0ggWaoXCGhcOoT,https://api.spotify.com/v1/audio-analysis/0JtgoDDf0ggWaoXCGhcOoT,182522,4
Mathematical Disrespect,Lil Mabu,2023-01-01,2023,20,7wuJGgpTNzbUyn26IOY6rj,0.795,0.507,1,-8.06,1,0.303,0.0612,0.0,0.272,0.48,146.771,audio_features,spotify:track:0Ymjv0OJeIIPXr6s9wi3iW,https://api.spotify.com/v1/tracks/0Ymjv0OJeIIPXr6s9wi3iW,https://api.spotify.com/v1/audio-analysis/0Ymjv0OJeIIPXr6s9wi3iW,88304,4
Ceilings,Lizzy McAlpine,2023-01-01,2023,20,6ic8OlLUNEATToEFU3xmaH,0.516,0.322,9,-11.762,1,0.0292,0.473,0.00194,0.215,0.261,148.005,audio_features,spotify:track:2L9N0zZnd37dwF0clgxMGI,https://api.spotify.com/v1/tracks/2L9N0zZnd37dwF0clgxMGI,https://api.spotify.com/v1/audio-analysis/2L9N0zZnd37dwF0clgxMGI,182888,3
Shake Sumn,DaBaby,2023-01-01,2023,20,3FhZPYvMGSjFc6boVYKlCv,0.783,0.768,11,-8.471,0,0.157,0.00198,0.0,0.171,0.267,143.071,audio_features,spotify:track:3FhZPYvMGSjFc6boVYKlCv,https://api.spotify.com/v1/tracks/3FhZPYvMGSjFc6boVYKlCv,https://api.spotify.com/v1/audio-analysis/3FhZPYvMGSjFc6boVYKlCv,124806,4
People,Libianca,2023-01-01,2023,20,0XoKVwY8PLErqAeZVp5kdU,0.573,0.422,10,-7.621,0,0.0678,0.551,1.31e-05,0.102,0.693,124.357,audio_features,spotify:track:26b3oVLrRUaaybJulow9kz,https://api.spotify.com/v1/tracks/26b3oVLrRUaaybJulow9kz,https://api.spotify.com/v1/audio-analysis/26b3oVLrRUaaybJulow9kz,184791,5
Never Felt So Alone,Labrinth,2023-01-01,2023,20,6unndO70DvZfnXYcYQMyQJ,0.563,0.459,4,-7.781,0,0.0292,0.92,0.724,0.11,0.197,79.983,audio_features,spotify:track:6potEImiklXkwD9qFzpu15,https://api.spotify.com/v1/tracks/6potEImiklXkwD9qFzpu15,https://api.spotify.com/v1/audio-analysis/6potEImiklXkwD9qFzpu15,202536,4
Happy,NF,2023-01-01,2023,20,2SpEHTbUuebeLkgs9QB7Ue,0.732,0.855,7,-4.064,1,0.0415,0.306,0.0,0.12,0.221,106.004,audio_features,spotify:track:3ZEno9fORwMA1HPecdLi0R,https://api.spotify.com/v1/tracks/3ZEno9fORwMA1HPecdLi0R,https://api.spotify.com/v1/audio-analysis/3ZEno9fORwMA1HPecdLi0R,242691,4
Wreckage,Nate Smith,2023-01-01,2023,20,781bCQjAUwwvfqlLV1ktnH,0.551,0.214,10,-9.827,1,0.0314,0.909,1.18e-06,0.0921,0.102,72.498,audio_features,spotify:track:5zHB9D7aOex9INWtPJt1Kb,https://api.spotify.com/v1/tracks/5zHB9D7aOex9INWtPJt1Kb,https://api.spotify.com/v1/audio-analysis/5zHB9D7aOex9INWtPJt1Kb,211773,4
Curtains,Ed Sheeran,2023-01-01,2023,20,3TCauNPqFiniaYHBvEVoHG,0.5,0.757,6,-6.542,0,0.0522,0.0989,2.5e-06,0.324,0.443,175.944,audio_features,spotify:track:6ZZf5a8oiInHDkBe9zXfLP,https://api.spotify.com/v1/tracks/6ZZf5a8oiInHDkBe9zXfLP,https://api.spotify.com/v1/audio-analysis/6ZZf5a8oiInHDkBe9zXfLP,224888,4
What It Is (Block Boy),Doechii Featuring Kodak Black,2023-01-01,2023,20,1O8zCu3dLLPxkbGfIsbRgE,0.731,0.744,1,-5.77,0,0.174,0.109,0.0,0.123,0.727,171.859,audio_features,spotify:track:1O8zCu3dLLPxkbGfIsbRgE,https://api.spotify.com/v1/tracks/1O8zCu3dLLPxkbGfIsbRgE,https://api.spotify.com/v1/audio-analysis/1O8zCu3dLLPxkbGfIsbRgE,223344,4
Peaches,Jack Black,2023-01-01,2023,20,3mVZRgQqVNu01Z3nXemulI,0.365,0.767,9,-6.185,0,0.0681,0.181,0.000856,0.0942,0.422,94.174,audio_features,spotify:track:6crBy2sODw2HS53xquM6us,https://api.spotify.com/v1/tracks/6crBy2sODw2HS53xquM6us,https://api.spotify.com/v1/audio-analysis/6crBy2sODw2HS53xquM6us,248053,4
Private Landing,Don Toliver Featuring Justin Bieber & Future,2023-01-01,2023,20,5PHPENfE3RVmHGAA2A7Hfx,0.843,0.669,1,-4.105,0,0.0639,0.0846,1.28e-05,0.105,0.435,136.979,audio_features,spotify:track:52NGJPcLUzQq5w7uv4e5gf,https://api.spotify.com/v1/tracks/52NGJPcLUzQq5w7uv4e5gf,https://api.spotify.com/v1/audio-analysis/52NGJPcLUzQq5w7uv4e5gf,238253,4
